Departure Time|Destination|Flight Number|Latitude|Longitude|TotalFlightTime|DepartureMinFromMidnight|OriginLat|OriginLon|SegmentName
11:55|(KOA) Kailua-Kona|AS 843|19.73880005|-156.0460052|371|715|47.4502|-122.3088|SEA-KOA
15:35|(KOA) Kailua-Kona|DL 1096|19.73880005|-156.0460052|371|935|47.4502|-122.3088|SEA-KOA
10:20|(OGG) Kahului|HA 29|20.89859963|-156.4299927|364|620|47.4502|-122.3088|SEA-OGG
10:30|(OGG) Kahului|AS 805|20.89859963|-156.4299927|364|630|47.4502|-122.3088|SEA-OGG
11:55|(OGG) Kahului|DL 1397|20.89859963|-156.4299927|364|715|47.4502|-122.3088|SEA-OGG
17:55|(OGG) Kahului|AS 831|20.89859963|-156.4299927|364|1075|47.4502|-122.3088|SEA-OGG
10:50|(HNL) Honolulu|AS 851|21.31870079|-157.9219971|370|650|47.4502|-122.3088|SEA-HNL
11:55|(HNL) Honolulu|DL 1887|21.31870079|-157.9219971|370|715|47.4502|-122.3088|SEA-HNL
19:55|(HNL) Honolulu|AS 145|21.31870079|-157.9219971|370|1195|47.4502|-122.3088|SEA-HNL
11:40|(LIH) Kauai Island|AS 173|21.97599983|-159.3390045|373|700|47.4502|-122.3088|SEA-LIH
15:52|(HKG) Hong Kong|DL 39|22.30890083|113.9150009|770|952|47.4502|-122.3088|SEA-HKG
13:25|(SZX) Shenzhen|MF 846|22.63929939|113.810997|894|805|47.4502|-122.3088|SEA-SZX
1:30|(TPE) Taipei|BR 25|25.0777|121.233002|837|90|47.4502|-122.3088|SEA-TPE
17:35|(DXB) Dubai|EK 230|25.25279999|55.36439896|1023|1055|47.4502|-122.3088|SEA-DXB
22:30|(MIA) Miami|AA 1070|25.79319954|-80.29060364|376|1350|47.4502|-122.3088|SEA-MIA
8:20|(FLL) Fort Lauderdale|AS 38|26.07259941|-80.15270233|375|500|47.4502|-122.3088|SEA-FLL
7:35|(TPA) Tampa|AS 770|27.97550011|-82.53320313|348|455|47.4502|-122.3088|SEA-TPA
7:39|(MCO) Orlando|AS 16|28.42939949|-81.30899811|352|459|47.4502|-122.3088|SEA-MCO
8:45|(MCO) Orlando|DL 2639|28.42939949|-81.30899811|352|525|47.4502|-122.3088|SEA-MCO
21:12|(MCO) Orlando|AS 10|28.42939949|-81.30899811|352|1272|47.4502|-122.3088|SEA-MCO
11:50|(SAT) San Antonio|AS 494|29.53370094|-98.46980286|254|710|47.4502|-122.3088|SEA-SAT
5:35|(IAH) Houston|UA 1945|29.9843998|-95.34140015|269|335|47.4502|-122.3088|SEA-IAH
8:15|(IAH) Houston|UA 1121|29.9843998|-95.34140015|269|495|47.4502|-122.3088|SEA-IAH
10:05|(IAH) Houston|AS 350|29.9843998|-95.34140015|269|605|47.4502|-122.3088|SEA-IAH
11:45|(IAH) Houston|UA 1867|29.9843998|-95.34140015|269|705|47.4502|-122.3088|SEA-IAH
14:10|(IAH) Houston|UA 280|29.9843998|-95.34140015|269|850|47.4502|-122.3088|SEA-IAH
22:35|(IAH) Houston|AS 776|29.9843998|-95.34140015|269|1355|47.4502|-122.3088|SEA-IAH
23:55|(IAH) Houston|UA 1696|29.9843998|-95.34140015|269|1435|47.4502|-122.3088|SEA-IAH
11:35|(MSY) New Orleans|AS 788|29.99340057|-90.25800324|299|695|47.4502|-122.3088|SEA-MSY
12:20|(AUS) Austin|AS 670|30.19449997|-97.66989899|228|740|47.4502|-122.3088|SEA-AUS
17:50|(AUS) Austin|DL 1603|30.19449997|-97.66989899|228|1070|47.4502|-122.3088|SEA-AUS
23:15|(AUS) Austin|AS 774|30.19449997|-97.66989899|228|1395|47.4502|-122.3088|SEA-AUS
15:10|(PVG) Shanghai|DL 589|31.14340019|121.8050003|788|910|47.4502|-122.3088|SEA-PVG
7:35|(TUS) Tucson|AS 648|32.11610031|-110.9410019|181|455|47.4502|-122.3088|SEA-TUS
6:10|(SAN) San Diego|AS 380|32.73360062|-117.1900024|156|370|47.4502|-122.3088|SEA-SAN
7:50|(SAN) San Diego|DL 5848|32.73360062|-117.1900024|156|470|47.4502|-122.3088|SEA-SAN
8:10|(SAN) San Diego|AS 248|32.73360062|-117.1900024|156|490|47.4502|-122.3088|SEA-SAN
9:40|(SAN) San Diego|DL 3532|32.73360062|-117.1900024|156|580|47.4502|-122.3088|SEA-SAN
9:45|(SAN) San Diego|AS 914|32.73360062|-117.1900024|156|585|47.4502|-122.3088|SEA-SAN
11:25|(SAN) San Diego|DL 4588|32.73360062|-117.1900024|156|685|47.4502|-122.3088|SEA-SAN
13:30|(SAN) San Diego|AS 486|32.73360062|-117.1900024|156|810|47.4502|-122.3088|SEA-SAN
15:20|(SAN) San Diego|DL 5721|32.73360062|-117.1900024|156|920|47.4502|-122.3088|SEA-SAN
15:50|(SAN) San Diego|AS 450|32.73360062|-117.1900024|156|950|47.4502|-122.3088|SEA-SAN
17:00|(SAN) San Diego|WN 6106|32.73360062|-117.1900024|156|1020|47.4502|-122.3088|SEA-SAN
17:40|(SAN) San Diego|AS 492|32.73360062|-117.1900024|156|1060|47.4502|-122.3088|SEA-SAN
18:52|(SAN) San Diego|DL 4611|32.73360062|-117.1900024|156|1132|47.4502|-122.3088|SEA-SAN
19:20|(SAN) San Diego|AS 184|32.73360062|-117.1900024|156|1160|47.4502|-122.3088|SEA-SAN
21:15|(SAN) San Diego|AS 488|32.73360062|-117.1900024|156|1275|47.4502|-122.3088|SEA-SAN
9:45|(DAL) Dallas|AS 3360|32.8470993|-96.85179901|239|585|47.4502|-122.3088|SEA-DAL
13:30|(DAL) Dallas|VX 1766|32.8470993|-96.85179901|239|810|47.4502|-122.3088|SEA-DAL
0:15|(DFW) Dallas|AA 1973|32.896801|-97.03800201|238|15|47.4502|-122.3088|SEA-DFW
6:05|(DFW) Dallas|AA 1332|32.896801|-97.03800201|238|365|47.4502|-122.3088|SEA-DFW
6:51|(DFW) Dallas|AS 658|32.896801|-97.03800201|238|411|47.4502|-122.3088|SEA-DFW
7:45|(DFW) Dallas|AA 453|32.896801|-97.03800201|238|465|47.4502|-122.3088|SEA-DFW
9:25|(DFW) Dallas|AA 1623|32.896801|-97.03800201|238|565|47.4502|-122.3088|SEA-DFW
10:27|(DFW) Dallas|AA 2234|32.896801|-97.03800201|238|627|47.4502|-122.3088|SEA-DFW
11:30|(DFW) Dallas|SQC 7952|32.896801|-97.03800201|238|690|47.4502|-122.3088|SEA-DFW
12:01|(DFW) Dallas|AA 1402|32.896801|-97.03800201|238|721|47.4502|-122.3088|SEA-DFW
12:15|(DFW) Dallas|AS 664|32.896801|-97.03800201|238|735|47.4502|-122.3088|SEA-DFW
13:30|(DFW) Dallas|AA 2413|32.896801|-97.03800201|238|810|47.4502|-122.3088|SEA-DFW
15:25|(DFW) Dallas|AA 2514|32.896801|-97.03800201|238|925|47.4502|-122.3088|SEA-DFW
17:45|(DFW) Dallas|AA 1696|32.896801|-97.03800201|238|1065|47.4502|-122.3088|SEA-DFW
23:25|(DFW) Dallas|AS 660|32.896801|-97.03800201|238|1405|47.4502|-122.3088|SEA-DFW
7:40|(CHS) Charleston|AS 728|32.89860153|-80.04049683|303|460|47.4502|-122.3088|SEA-CHS
5:00|(PHX) Phoenix|AA 106|33.43429947|-112.012001|164|300|47.4502|-122.3088|SEA-PHX
6:35|(PHX) Phoenix|WN 1438|33.43429947|-112.012001|164|395|47.4502|-122.3088|SEA-PHX
7:20|(PHX) Phoenix|AS 636|33.43429947|-112.012001|164|440|47.4502|-122.3088|SEA-PHX
7:40|(PHX) Phoenix|DL 5714|33.43429947|-112.012001|164|460|47.4502|-122.3088|SEA-PHX
8:20|(PHX) Phoenix|AA 1707|33.43429947|-112.012001|164|500|47.4502|-122.3088|SEA-PHX
10:15|(PHX) Phoenix|WN 1406|33.43429947|-112.012001|164|615|47.4502|-122.3088|SEA-PHX
11:45|(PHX) Phoenix|AS 656|33.43429947|-112.012001|164|705|47.4502|-122.3088|SEA-PHX
13:15|(PHX) Phoenix|DL 5680|33.43429947|-112.012001|164|795|47.4502|-122.3088|SEA-PHX
14:25|(PHX) Phoenix|WN 5612|33.43429947|-112.012001|164|865|47.4502|-122.3088|SEA-PHX
15:35|(PHX) Phoenix|AS 646|33.43429947|-112.012001|164|935|47.4502|-122.3088|SEA-PHX
17:59|(PHX) Phoenix|AA 2311|33.43429947|-112.012001|164|1079|47.4502|-122.3088|SEA-PHX
18:55|(PHX) Phoenix|DL 5701|33.43429947|-112.012001|164|1135|47.4502|-122.3088|SEA-PHX
19:40|(PHX) Phoenix|AS 622|33.43429947|-112.012001|164|1180|47.4502|-122.3088|SEA-PHX
19:55|(PHX) Phoenix|WN 6082|33.43429947|-112.012001|164|1195|47.4502|-122.3088|SEA-PHX
21:30|(PHX) Phoenix|AS 632|33.43429947|-112.012001|164|1290|47.4502|-122.3088|SEA-PHX
6:15|(ATL) Atlanta|DL 2936|33.63669968|-84.42810059|275|375|47.4502|-122.3088|SEA-ATL
7:25|(ATL) Atlanta|AS 746|33.63669968|-84.42810059|275|445|47.4502|-122.3088|SEA-ATL
7:45|(ATL) Atlanta|DL 2864|33.63669968|-84.42810059|275|465|47.4502|-122.3088|SEA-ATL
10:50|(ATL) Atlanta|DL 38|33.63669968|-84.42810059|275|650|47.4502|-122.3088|SEA-ATL
12:05|(ATL) Atlanta|DL 2339|33.63669968|-84.42810059|275|725|47.4502|-122.3088|SEA-ATL
15:10|(ATL) Atlanta|DL 1232|33.63669968|-84.42810059|275|910|47.4502|-122.3088|SEA-ATL
20:57|(ATL) Atlanta|AS 750|33.63669968|-84.42810059|275|1257|47.4502|-122.3088|SEA-ATL
22:40|(ATL) Atlanta|DL 1588|33.63669968|-84.42810059|275|1360|47.4502|-122.3088|SEA-ATL
23:40|(ATL) Atlanta|DL 984|33.63669968|-84.42810059|275|1420|47.4502|-122.3088|SEA-ATL
7:55|(SNA) Santa Ana|AS 506|33.67570114|-117.8679962|145|475|47.4502|-122.3088|SEA-SNA
9:45|(SNA) Santa Ana|DL 5795|33.67570114|-117.8679962|145|585|47.4502|-122.3088|SEA-SNA
10:10|(SNA) Santa Ana|AS 512|33.67570114|-117.8679962|145|610|47.4502|-122.3088|SEA-SNA
11:10|(SNA) Santa Ana|DL 5739|33.67570114|-117.8679962|145|670|47.4502|-122.3088|SEA-SNA
12:05|(SNA) Santa Ana|AS 810|33.67570114|-117.8679962|145|725|47.4502|-122.3088|SEA-SNA
15:17|(SNA) Santa Ana|DL 5719|33.67570114|-117.8679962|145|917|47.4502|-122.3088|SEA-SNA
16:10|(SNA) Santa Ana|AS 630|33.67570114|-117.8679962|145|970|47.4502|-122.3088|SEA-SNA
17:50|(SNA) Santa Ana|AS 510|33.67570114|-117.8679962|145|1070|47.4502|-122.3088|SEA-SNA
18:55|(SNA) Santa Ana|DL 5784|33.67570114|-117.8679962|145|1135|47.4502|-122.3088|SEA-SNA
19:25|(SNA) Santa Ana|AS 518|33.67570114|-117.8679962|145|1165|47.4502|-122.3088|SEA-SNA
12:25|(LGB) Long Beach|B6 1007|33.81769943|-118.1520004|144|745|47.4502|-122.3088|SEA-LGB
18:22|(LGB) Long Beach|B6 407|33.81769943|-118.1520004|144|1102|47.4502|-122.3088|SEA-LGB
7:20|(PSP) Palm Springs|AS 938|33.82970047|-116.5070038|147|440|47.4502|-122.3088|SEA-PSP
5:00|(LAX) Los Angeles|AS 286|33.94250107|-118.4079971|142|300|47.4502|-122.3088|SEA-LAX
5:55|(LAX) Los Angeles|AA 1744|33.94250107|-118.4079971|142|355|47.4502|-122.3088|SEA-LAX
6:15|(LAX) Los Angeles|DL 907|33.94250107|-118.4079971|142|375|47.4502|-122.3088|SEA-LAX
7:00|(LAX) Los Angeles|AS 406|33.94250107|-118.4079971|142|420|47.4502|-122.3088|SEA-LAX
7:30|(LAX) Los Angeles|DL 4859|33.94250107|-118.4079971|142|450|47.4502|-122.3088|SEA-LAX
7:35|(LAX) Los Angeles|VX 1874|33.94250107|-118.4079971|142|455|47.4502|-122.3088|SEA-LAX
7:50|(LAX) Los Angeles|DL 1487|33.94250107|-118.4079971|142|470|47.4502|-122.3088|SEA-LAX
8:15|(LAX) Los Angeles|AS 408|33.94250107|-118.4079971|142|495|47.4502|-122.3088|SEA-LAX
9:35|(LAX) Los Angeles|NK 740|33.94250107|-118.4079971|142|575|47.4502|-122.3088|SEA-LAX
9:45|(LAX) Los Angeles|DL 128|33.94250107|-118.4079971|142|585|47.4502|-122.3088|SEA-LAX
10:00|(LAX) Los Angeles|AS 460|33.94250107|-118.4079971|142|600|47.4502|-122.3088|SEA-LAX
11:15|(LAX) Los Angeles|AA 6047|33.94250107|-118.4079971|142|675|47.4502|-122.3088|SEA-LAX
12:30|(LAX) Los Angeles|LH 8230|33.94250107|-118.4079971|142|750|47.4502|-122.3088|SEA-LAX
12:34|(LAX) Los Angeles|DL 2709|33.94250107|-118.4079971|142|754|47.4502|-122.3088|SEA-LAX
13:45|(LAX) Los Angeles|UA 5384|33.94250107|-118.4079971|142|825|47.4502|-122.3088|SEA-LAX
14:00|(LAX) Los Angeles|AS 424|33.94250107|-118.4079971|142|840|47.4502|-122.3088|SEA-LAX
15:15|(LAX) Los Angeles|DL 2159|33.94250107|-118.4079971|142|915|47.4502|-122.3088|SEA-LAX
15:55|(LAX) Los Angeles|AS 428|33.94250107|-118.4079971|142|955|47.4502|-122.3088|SEA-LAX
17:05|(LAX) Los Angeles|AS 446|33.94250107|-118.4079971|142|1025|47.4502|-122.3088|SEA-LAX
17:10|(LAX) Los Angeles|DL 740|33.94250107|-118.4079971|142|1030|47.4502|-122.3088|SEA-LAX
17:34|(LAX) Los Angeles|AA 396|33.94250107|-118.4079971|142|1054|47.4502|-122.3088|SEA-LAX
17:55|(LAX) Los Angeles|VX 1798|33.94250107|-118.4079971|142|1075|47.4502|-122.3088|SEA-LAX
18:15|(LAX) Los Angeles|AS 444|33.94250107|-118.4079971|142|1095|47.4502|-122.3088|SEA-LAX
19:00|(LAX) Los Angeles|UA 5191|33.94250107|-118.4079971|142|1140|47.4502|-122.3088|SEA-LAX
19:05|(LAX) Los Angeles|DL 2714|33.94250107|-118.4079971|142|1145|47.4502|-122.3088|SEA-LAX
19:15|(LAX) Los Angeles|AS 464|33.94250107|-118.4079971|142|1155|47.4502|-122.3088|SEA-LAX
20:05|(LAX) Los Angeles|AS 412|33.94250107|-118.4079971|142|1205|47.4502|-122.3088|SEA-LAX
20:08|(LAX) Los Angeles|AA 6031|33.94250107|-118.4079971|142|1208|47.4502|-122.3088|SEA-LAX
20:55|(LAX) Los Angeles|AS 430|33.94250107|-118.4079971|142|1255|47.4502|-122.3088|SEA-LAX
21:25|(LAX) Los Angeles|AS 436|33.94250107|-118.4079971|142|1285|47.4502|-122.3088|SEA-LAX
21:40|(LAX) Los Angeles|NK 206|33.94250107|-118.4079971|142|1300|47.4502|-122.3088|SEA-LAX
7:30|(ONT) Ontario|AS 593|34.05599976|-117.6009979|142|450|47.4502|-122.3088|SEA-ONT
13:50|(ONT) Ontario|AS 462|34.05599976|-117.6009979|142|830|47.4502|-122.3088|SEA-ONT
21:10|(ONT) Ontario|AS 546|34.05599976|-117.6009979|142|1270|47.4502|-122.3088|SEA-ONT
8:10|(BUR) Burbank|AS 578|34.20069885|-118.3590012|133|490|47.4502|-122.3088|SEA-BUR
15:40|(BUR) Burbank|AS 520|34.20069885|-118.3590012|133|940|47.4502|-122.3088|SEA-BUR
19:15|(BUR) Burbank|AS 524|34.20069885|-118.3590012|133|1155|47.4502|-122.3088|SEA-BUR
12:15|(SBA) Santa Barbara|AS 432|34.42620087|-119.8399963|149|735|47.4502|-122.3088|SEA-SBA
17:25|(ABQ) Albuquerque|AS 794|35.04019928|-106.6090012|160|1045|47.4502|-122.3088|SEA-ABQ
5:00|(MEM) Memphis|FX 637|35.04240036|-89.97669983|268|300|47.4502|-122.3088|SEA-MEM
5:45|(MEM) Memphis|FX 630|35.04240036|-89.97669983|268|345|47.4502|-122.3088|SEA-MEM
18:57|(MEM) Memphis|FX 1223|35.04240036|-89.97669983|268|1137|47.4502|-122.3088|SEA-MEM
13:05|(CLT) Charlotte|AA 647|35.2140007|-80.94309998|287|785|47.4502|-122.3088|SEA-CLT
22:20|(CLT) Charlotte|AA 624|35.2140007|-80.94309998|287|1340|47.4502|-122.3088|SEA-CLT
8:05|(SBP) San Luis Obispo|AS 2768|35.23680115|-120.6419983|139|485|47.4502|-122.3088|SEA-SBP
13:30|(OKC) Oklahoma City|AS 2844|35.39310074|-97.60070038|218|810|47.4502|-122.3088|SEA-OKC
13:00|(NRT) Tokyo|DL 167|35.76470184|140.3860016|657|780|47.4502|-122.3088|SEA-NRT
13:20|(NRT) Tokyo|NH 177|35.76470184|140.3860016|657|800|47.4502|-122.3088|SEA-NRT
7:50|(RDU) Raleigh/Durham|AS 707|35.87760162|-78.78749847|324|470|47.4502|-122.3088|SEA-RDU
11:40|(RDU) Raleigh/Durham|DL 2540|35.87760162|-78.78749847|324|700|47.4502|-122.3088|SEA-RDU
6:25|(LAS) Las Vegas|WN 1404|36.08010101|-115.1520004|142|385|47.4502|-122.3088|SEA-LAS
6:30|(LAS) Las Vegas|AS 602|36.08010101|-115.1520004|142|390|47.4502|-122.3088|SEA-LAS
8:05|(LAS) Las Vegas|AS 612|36.08010101|-115.1520004|142|485|47.4502|-122.3088|SEA-LAS
8:25|(LAS) Las Vegas|DL 2414|36.08010101|-115.1520004|142|505|47.4502|-122.3088|SEA-LAS
9:30|(LAS) Las Vegas|AS 634|36.08010101|-115.1520004|142|570|47.4502|-122.3088|SEA-LAS
11:00|(LAS) Las Vegas|WN 1142|36.08010101|-115.1520004|142|660|47.4502|-122.3088|SEA-LAS
11:20|(LAS) Las Vegas|DL 2860|36.08010101|-115.1520004|142|680|47.4502|-122.3088|SEA-LAS
12:10|(LAS) Las Vegas|AS 586|36.08010101|-115.1520004|142|730|47.4502|-122.3088|SEA-LAS
14:00|(LAS) Las Vegas|AS 638|36.08010101|-115.1520004|142|840|47.4502|-122.3088|SEA-LAS
15:05|(LAS) Las Vegas|NK 292|36.08010101|-115.1520004|142|905|47.4502|-122.3088|SEA-LAS
15:11|(LAS) Las Vegas|DL 198|36.08010101|-115.1520004|142|911|47.4502|-122.3088|SEA-LAS
16:00|(LAS) Las Vegas|AS 684|36.08010101|-115.1520004|142|960|47.4502|-122.3088|SEA-LAS
17:35|(LAS) Las Vegas|AS 604|36.08010101|-115.1520004|142|1055|47.4502|-122.3088|SEA-LAS
18:52|(LAS) Las Vegas|DL 2637|36.08010101|-115.1520004|142|1132|47.4502|-122.3088|SEA-LAS
18:55|(LAS) Las Vegas|AS 688|36.08010101|-115.1520004|142|1135|47.4502|-122.3088|SEA-LAS
19:40|(LAS) Las Vegas|AS 616|36.08010101|-115.1520004|142|1180|47.4502|-122.3088|SEA-LAS
19:45|(LAS) Las Vegas|WN 562|36.08010101|-115.1520004|142|1185|47.4502|-122.3088|SEA-LAS
21:20|(LAS) Las Vegas|AS 608|36.08010101|-115.1520004|142|1280|47.4502|-122.3088|SEA-LAS
8:00|(GSO) Greensboro/High Point|AS 9801|36.09780121|-79.93730164|328|480|47.4502|-122.3088|SEA-GSO
7:40|(BNA) Nashville|AS 734|36.12450028|-86.67819977|251|460|47.4502|-122.3088|SEA-BNA
13:10|(BNA) Nashville|WN 5484|36.12450028|-86.67819977|251|790|47.4502|-122.3088|SEA-BNA
17:15|(BNA) Nashville|DL 2874|36.12450028|-86.67819977|251|1035|47.4502|-122.3088|SEA-BNA
11:42|(FAT) Fresno|AS 3496|36.77619934|-119.7180023|123|702|47.4502|-122.3088|SEA-FAT
15:25|(FAT) Fresno|AS 2836|36.77619934|-119.7180023|123|925|47.4502|-122.3088|SEA-FAT
18:35|(FAT) Fresno|AS 3490|36.77619934|-119.7180023|123|1115|47.4502|-122.3088|SEA-FAT
7:40|(SJC) San Jose|DL 5698|37.36259842|-121.9290009|114|460|47.4502|-122.3088|SEA-SJC
8:25|(SJC) San Jose|AS 346|37.36259842|-121.9290009|114|505|47.4502|-122.3088|SEA-SJC
9:25|(SJC) San Jose|WN 1488|37.36259842|-121.9290009|114|565|47.4502|-122.3088|SEA-SJC
10:05|(SJC) San Jose|AS 226|37.36259842|-121.9290009|114|605|47.4502|-122.3088|SEA-SJC
11:15|(SJC) San Jose|DL 5751|37.36259842|-121.9290009|114|675|47.4502|-122.3088|SEA-SJC
11:45|(SJC) San Jose|AS 396|37.36259842|-121.9290009|114|705|47.4502|-122.3088|SEA-SJC
15:10|(SJC) San Jose|DL 5792|37.36259842|-121.9290009|114|910|47.4502|-122.3088|SEA-SJC
15:30|(SJC) San Jose|AS 330|37.36259842|-121.9290009|114|930|47.4502|-122.3088|SEA-SJC
16:40|(SJC) San Jose|WN 6166|37.36259842|-121.9290009|114|1000|47.4502|-122.3088|SEA-SJC
16:59|(SJC) San Jose|DL 4890|37.36259842|-121.9290009|114|1019|47.4502|-122.3088|SEA-SJC
17:20|(SJC) San Jose|WN 6783|37.36259842|-121.9290009|114|1040|47.4502|-122.3088|SEA-SJC
17:40|(SJC) San Jose|AS 322|37.36259842|-121.9290009|114|1060|47.4502|-122.3088|SEA-SJC
19:50|(SJC) San Jose|AS 328|37.36259842|-121.9290009|114|1190|47.4502|-122.3088|SEA-SJC
20:00|(SJC) San Jose|WN 826|37.36259842|-121.9290009|114|1200|47.4502|-122.3088|SEA-SJC
20:45|(SJC) San Jose|DL 5737|37.36259842|-121.9290009|114|1245|47.4502|-122.3088|SEA-SJC
9:25|(ICN) Seoul|OZ 241|37.46910095|126.4509964|620|565|47.4502|-122.3088|SEA-ICN
11:45|(ICN) Seoul|KE 262|37.46910095|126.4509964|620|705|47.4502|-122.3088|SEA-ICN
12:01|(ICN) Seoul|DL 199|37.46910095|126.4509964|620|721|47.4502|-122.3088|SEA-ICN
14:15|(ICN) Seoul|KE 20|37.46910095|126.4509964|620|855|47.4502|-122.3088|SEA-ICN
14:40|(ICN) Seoul|OZ 271|37.46910095|126.4509964|620|880|47.4502|-122.3088|SEA-ICN
5:40|(SFO) San Francisco|UA 368|37.61899948|-122.375|112|340|47.4502|-122.3088|SEA-SFO
7:00|(SFO) San Francisco|UA 294|37.61899948|-122.375|112|420|47.4502|-122.3088|SEA-SFO
7:40|(SFO) San Francisco|AS 2829|37.61899948|-122.375|112|460|47.4502|-122.3088|SEA-SFO
8:20|(SFO) San Francisco|AS 302|37.61899948|-122.375|112|500|47.4502|-122.3088|SEA-SFO
9:05|(SFO) San Francisco|UA 698|37.61899948|-122.375|112|545|47.4502|-122.3088|SEA-SFO
9:30|(SFO) San Francisco|DL 5687|37.61899948|-122.375|112|570|47.4502|-122.3088|SEA-SFO
9:50|(SFO) San Francisco|AS 318|37.61899948|-122.375|112|590|47.4502|-122.3088|SEA-SFO
10:30|(SFO) San Francisco|UA 213|37.61899948|-122.375|112|630|47.4502|-122.3088|SEA-SFO
11:15|(SFO) San Francisco|DL 520|37.61899948|-122.375|112|675|47.4502|-122.3088|SEA-SFO
12:05|(SFO) San Francisco|AS 304|37.61899948|-122.375|112|725|47.4502|-122.3088|SEA-SFO
12:36|(SFO) San Francisco|UA 750|37.61899948|-122.375|112|756|47.4502|-122.3088|SEA-SFO
13:15|(SFO) San Francisco|DL 2188|37.61899948|-122.375|112|795|47.4502|-122.3088|SEA-SFO
13:40|(SFO) San Francisco|AS 316|37.61899948|-122.375|112|820|47.4502|-122.3088|SEA-SFO
15:11|(SFO) San Francisco|DL 4872|37.61899948|-122.375|112|911|47.4502|-122.3088|SEA-SFO
15:45|(SFO) San Francisco|AS 306|37.61899948|-122.375|112|945|47.4502|-122.3088|SEA-SFO
16:20|(SFO) San Francisco|UA 2061|37.61899948|-122.375|112|980|47.4502|-122.3088|SEA-SFO
17:00|(SFO) San Francisco|UA 587|37.61899948|-122.375|112|1020|47.4502|-122.3088|SEA-SFO
17:15|(SFO) San Francisco|DL 5768|37.61899948|-122.375|112|1035|47.4502|-122.3088|SEA-SFO
17:41|(SFO) San Francisco|VX 1755|37.61899948|-122.375|112|1061|47.4502|-122.3088|SEA-SFO
18:15|(SFO) San Francisco|AS 308|37.61899948|-122.375|112|1095|47.4502|-122.3088|SEA-SFO
19:15|(SFO) San Francisco|UA 214|37.61899948|-122.375|112|1155|47.4502|-122.3088|SEA-SFO
19:25|(SFO) San Francisco|AS 314|37.61899948|-122.375|112|1165|47.4502|-122.3088|SEA-SFO
19:40|(SFO) San Francisco|UA 1705|37.61899948|-122.375|112|1180|47.4502|-122.3088|SEA-SFO
21:45|(SFO) San Francisco|AS 300|37.61899948|-122.375|112|1305|47.4502|-122.3088|SEA-SFO
11:45|(ICT) Wichita|AS 3424|37.64989853|-97.43309784|205|705|47.4502|-122.3088|SEA-ICT
5:30|(OAK) Oakland|WN 2008|37.72129822|-122.2210007|110|330|47.4502|-122.3088|SEA-OAK
5:55|(OAK) Oakland|AS 342|37.72129822|-122.2210007|110|355|47.4502|-122.3088|SEA-OAK
7:50|(OAK) Oakland|WN 1947|37.72129822|-122.2210007|110|470|47.4502|-122.3088|SEA-OAK
9:40|(OAK) Oakland|AS 582|37.72129822|-122.2210007|110|580|47.4502|-122.3088|SEA-OAK
11:40|(OAK) Oakland|WN 6110|37.72129822|-122.2210007|110|700|47.4502|-122.3088|SEA-OAK
13:35|(OAK) Oakland|WN 330|37.72129822|-122.2210007|110|815|47.4502|-122.3088|SEA-OAK
15:25|(OAK) Oakland|AS 538|37.72129822|-122.2210007|110|925|47.4502|-122.3088|SEA-OAK
16:45|(OAK) Oakland|WN 157|37.72129822|-122.2210007|110|1005|47.4502|-122.3088|SEA-OAK
20:35|(OAK) Oakland|WN 386|37.72129822|-122.2210007|110|1235|47.4502|-122.3088|SEA-OAK
20:48|(OAK) Oakland|FX 1802|37.72129822|-122.2210007|110|1248|47.4502|-122.3088|SEA-OAK
21:55|(OAK) Oakland|AS 982|37.72129822|-122.2210007|110|1315|47.4502|-122.3088|SEA-OAK
15:33|(STS) Santa Rosa|AS 2475|38.50899887|-122.8130035|102|933|47.4502|-122.3088|SEA-STS
6:40|(SMF) Sacramento|AS 823|38.69540024|-121.5910034|99|400|47.4502|-122.3088|SEA-SMF
7:45|(SMF) Sacramento|DL 4977|38.69540024|-121.5910034|99|465|47.4502|-122.3088|SEA-SMF
9:40|(SMF) Sacramento|DL 4546|38.69540024|-121.5910034|99|580|47.4502|-122.3088|SEA-SMF
10:10|(SMF) Sacramento|AS 610|38.69540024|-121.5910034|99|610|47.4502|-122.3088|SEA-SMF
11:15|(SMF) Sacramento|WN 1998|38.69540024|-121.5910034|99|675|47.4502|-122.3088|SEA-SMF
13:55|(SMF) Sacramento|AS 374|38.69540024|-121.5910034|99|835|47.4502|-122.3088|SEA-SMF
15:05|(SMF) Sacramento|WN 681|38.69540024|-121.5910034|99|905|47.4502|-122.3088|SEA-SMF
15:10|(SMF) Sacramento|DL 4530|38.69540024|-121.5910034|99|910|47.4502|-122.3088|SEA-SMF
15:55|(SMF) Sacramento|AS 542|38.69540024|-121.5910034|99|955|47.4502|-122.3088|SEA-SMF
16:00|(SMF) Sacramento|WN 5487|38.69540024|-121.5910034|99|960|47.4502|-122.3088|SEA-SMF
18:20|(SMF) Sacramento|WN 1199|38.69540024|-121.5910034|99|1100|47.4502|-122.3088|SEA-SMF
19:50|(SMF) Sacramento|AS 654|38.69540024|-121.5910034|99|1190|47.4502|-122.3088|SEA-SMF
20:55|(SMF) Sacramento|DL 4706|38.69540024|-121.5910034|99|1255|47.4502|-122.3088|SEA-SMF
21:57|(SMF) Sacramento|AS 2851|38.69540024|-121.5910034|99|1317|47.4502|-122.3088|SEA-SMF
8:50|(STL) Saint Louis|WN 1375|38.74869919|-90.37000275|245|530|47.4502|-122.3088|SEA-STL
10:20|(STL) Saint Louis|AS 748|38.74869919|-90.37000275|245|620|47.4502|-122.3088|SEA-STL
15:30|(STL) Saint Louis|AS 2792|38.74869919|-90.37000275|245|930|47.4502|-122.3088|SEA-STL
14:20|(COS) Colorado Springs|AS 2748|38.80580139|-104.7009964|146|860|47.4502|-122.3088|SEA-COS
8:05|(DCA) Washington|AS 4|38.8521|-77.037697|321|485|47.4502|-122.3088|SEA-DCA
13:35|(DCA) Washington|AS 2|38.8521|-77.037697|321|815|47.4502|-122.3088|SEA-DCA
7:35|(IAD) Dulles|UA 419|38.94449997|-77.45580292|330|455|47.4502|-122.3088|SEA-IAD
7:55|(IAD) Dulles|AS 956|38.94449997|-77.45580292|330|475|47.4502|-122.3088|SEA-IAD
12:45|(IAD) Dulles|UA 260|38.94449997|-77.45580292|330|765|47.4502|-122.3088|SEA-IAD
22:30|(IAD) Dulles|UA 1178|38.94449997|-77.45580292|330|1350|47.4502|-122.3088|SEA-IAD
1:35|(CVG) Cincinnati|5Y 3021|39.04880142|-84.6678009|250|95|47.4502|-122.3088|SEA-CVG
22:55|(CVG) Cincinnati|DL 1056|39.04880142|-84.6678009|250|1375|47.4502|-122.3088|SEA-CVG
9:55|(BWI) Baltimore|AS 922|39.17539978|-76.66829681|292|595|47.4502|-122.3088|SEA-BWI
13:00|(BWI) Baltimore|WN 5565|39.17539978|-76.66829681|292|780|47.4502|-122.3088|SEA-BWI
23:30|(BWI) Baltimore|NK 238|39.17539978|-76.66829681|292|1410|47.4502|-122.3088|SEA-BWI
12:15|(MCI) Kansas City|WN 1880|39.2976|-94.713898|213|735|47.4502|-122.3088|SEA-MCI
12:25|(MCI) Kansas City|AS 478|39.2976|-94.713898|213|745|47.4502|-122.3088|SEA-MCI
17:45|(MCI) Kansas City|AS 738|39.2976|-94.713898|213|1065|47.4502|-122.3088|SEA-MCI
7:36|(RNO) Reno|AS 2441|39.49909973|-119.7679977|93|456|47.4502|-122.3088|SEA-RNO
11:55|(RNO) Reno|AS 2257|39.49909973|-119.7679977|93|715|47.4502|-122.3088|SEA-RNO
14:28|(RNO) Reno|AS 2255|39.49909973|-119.7679977|93|868|47.4502|-122.3088|SEA-RNO
19:40|(RNO) Reno|AS 2351|39.49909973|-119.7679977|93|1180|47.4502|-122.3088|SEA-RNO
6:35|(IND) Indianapolis|FX 3679|39.7173|-86.294403|267|395|47.4502|-122.3088|SEA-IND
9:35|(IND) Indianapolis|AS 500|39.7173|-86.294403|267|575|47.4502|-122.3088|SEA-IND
5:15|(DEN) Denver|UA 1508|39.86169815|-104.6729965|152|315|47.4502|-122.3088|SEA-DEN
5:35|(DEN) Denver|WN 1738|39.86169815|-104.6729965|152|335|47.4502|-122.3088|SEA-DEN
6:20|(DEN) Denver|AS 674|39.86169815|-104.6729965|152|380|47.4502|-122.3088|SEA-DEN
7:35|(DEN) Denver|WN 1665|39.86169815|-104.6729965|152|455|47.4502|-122.3088|SEA-DEN
7:55|(DEN) Denver|DL 4639|39.86169815|-104.6729965|152|475|47.4502|-122.3088|SEA-DEN
9:50|(DEN) Denver|AS 672|39.86169815|-104.6729965|152|590|47.4502|-122.3088|SEA-DEN
10:20|(DEN) Denver|DL 771|39.86169815|-104.6729965|152|620|47.4502|-122.3088|SEA-DEN
10:50|(DEN) Denver|F9 438|39.86169815|-104.6729965|152|650|47.4502|-122.3088|SEA-DEN
11:00|(DEN) Denver|UA 331|39.86169815|-104.6729965|152|660|47.4502|-122.3088|SEA-DEN
13:05|(DEN) Denver|UA 1824|39.86169815|-104.6729965|152|785|47.4502|-122.3088|SEA-DEN
13:15|(DEN) Denver|DL 4601|39.86169815|-104.6729965|152|795|47.4502|-122.3088|SEA-DEN
13:20|(DEN) Denver|WN 5820|39.86169815|-104.6729965|152|800|47.4502|-122.3088|SEA-DEN
13:45|(DEN) Denver|AS 682|39.86169815|-104.6729965|152|825|47.4502|-122.3088|SEA-DEN
15:15|(DEN) Denver|DL 4638|39.86169815|-104.6729965|152|915|47.4502|-122.3088|SEA-DEN
15:25|(DEN) Denver|UA 695|39.86169815|-104.6729965|152|925|47.4502|-122.3088|SEA-DEN
17:20|(DEN) Denver|UA 742|39.86169815|-104.6729965|152|1040|47.4502|-122.3088|SEA-DEN
18:40|(DEN) Denver|F9 142|39.86169815|-104.6729965|152|1120|47.4502|-122.3088|SEA-DEN
19:10|(DEN) Denver|DL 518|39.86169815|-104.6729965|152|1150|47.4502|-122.3088|SEA-DEN
19:30|(DEN) Denver|AS 678|39.86169815|-104.6729965|152|1170|47.4502|-122.3088|SEA-DEN
21:15|(DEN) Denver|AS 680|39.86169815|-104.6729965|152|1275|47.4502|-122.3088|SEA-DEN
7:45|(PHL) Philadelphia|AS 32|39.87189865|-75.2410965|328|465|47.4502|-122.3088|SEA-PHL
8:05|(PHL) Philadelphia|AA 728|39.87189865|-75.2410965|328|485|47.4502|-122.3088|SEA-PHL
14:00|(PEK) Beijing|HU 496|40.08010101|116.5849991|745|840|47.4502|-122.3088|SEA-PEK
16:59|(PEK) Beijing|DL 129|40.08010101|116.5849991|745|1019|47.4502|-122.3088|SEA-PEK
7:35|(JFK) New York|AA 44|40.63980103|-73.77890015|333|455|47.4502|-122.3088|SEA-JFK
7:40|(JFK) New York|DL 2218|40.63980103|-73.77890015|333|460|47.4502|-122.3088|SEA-JFK
10:09|(JFK) New York|DL 410|40.63980103|-73.77890015|333|609|47.4502|-122.3088|SEA-JFK
15:33|(JFK) New York|DL 1109|40.63980103|-73.77890015|333|933|47.4502|-122.3088|SEA-JFK
21:50|(JFK) New York|AS 18|40.63980103|-73.77890015|333|1310|47.4502|-122.3088|SEA-JFK
22:10|(JFK) New York|B6 264|40.63980103|-73.77890015|333|1330|47.4502|-122.3088|SEA-JFK
22:58|(JFK) New York|DL 2590|40.63980103|-73.77890015|333|1378|47.4502|-122.3088|SEA-JFK
6:30|(EWR) Newark|UA 1929|40.69250107|-74.16870117|331|390|47.4502|-122.3088|SEA-EWR
8:00|(EWR) Newark|AS 8|40.69250107|-74.16870117|331|480|47.4502|-122.3088|SEA-EWR
9:24|(EWR) Newark|UA 216|40.69250107|-74.16870117|331|564|47.4502|-122.3088|SEA-EWR
12:50|(EWR) Newark|UA 1434|40.69250107|-74.16870117|331|770|47.4502|-122.3088|SEA-EWR
15:45|(EWR) Newark|AS 14|40.69250107|-74.16870117|331|945|47.4502|-122.3088|SEA-EWR
23:30|(EWR) Newark|AS 790|40.69250107|-74.16870117|331|1410|47.4502|-122.3088|SEA-EWR
23:45|(EWR) Newark|UA 1695|40.69250107|-74.16870117|331|1425|47.4502|-122.3088|SEA-EWR
7:15|(SLC) Salt Lake City|AS 966|40.78839874|-111.9779968|113|435|47.4502|-122.3088|SEA-SLC
7:35|(SLC) Salt Lake City|DL 2450|40.78839874|-111.9779968|113|455|47.4502|-122.3088|SEA-SLC
10:25|(SLC) Salt Lake City|DL 1977|40.78839874|-111.9779968|113|625|47.4502|-122.3088|SEA-SLC
11:35|(SLC) Salt Lake City|DL 1981|40.78839874|-111.9779968|113|695|47.4502|-122.3088|SEA-SLC
13:25|(SLC) Salt Lake City|DL 707|40.78839874|-111.9779968|113|805|47.4502|-122.3088|SEA-SLC
13:30|(SLC) Salt Lake City|AS 742|40.78839874|-111.9779968|113|810|47.4502|-122.3088|SEA-SLC
16:47|(SLC) Salt Lake City|DL 2222|40.78839874|-111.9779968|113|1007|47.4502|-122.3088|SEA-SLC
17:40|(SLC) Salt Lake City|AS 3458|40.78839874|-111.9779968|113|1060|47.4502|-122.3088|SEA-SLC
18:26|(SLC) Salt Lake City|DL 1957|40.78839874|-111.9779968|113|1106|47.4502|-122.3088|SEA-SLC
19:30|(SLC) Salt Lake City|AS 710|40.78839874|-111.9779968|113|1170|47.4502|-122.3088|SEA-SLC
20:45|(SLC) Salt Lake City|DL 4693|40.78839874|-111.9779968|113|1245|47.4502|-122.3088|SEA-SLC
10:35|(OMA) Omaha|AS 716|41.30319977|-95.89409638|203|635|47.4502|-122.3088|SEA-OMA
23:25|(CLE) Cleveland|F9 1404|41.4117012|-81.84980011|257|1405|47.4502|-122.3088|SEA-CLE
5:50|(MDW) Chicago|WN 1587|41.7859993|-87.75240326|248|350|47.4502|-122.3088|SEA-MDW
9:55|(MDW) Chicago|WN 1715|41.7859993|-87.75240326|248|595|47.4502|-122.3088|SEA-MDW
14:55|(MDW) Chicago|WN 163|41.7859993|-87.75240326|248|895|47.4502|-122.3088|SEA-MDW
0:20|(ORD) Chicago|UA 1993|41.97859955|-87.90480042|246|20|47.4502|-122.3088|SEA-ORD
0:45|(ORD) Chicago|AS 20|41.97859955|-87.90480042|246|45|47.4502|-122.3088|SEA-ORD
6:45|(ORD) Chicago|UA 979|41.97859955|-87.90480042|246|405|47.4502|-122.3088|SEA-ORD
7:00|(ORD) Chicago|AA 1097|41.97859955|-87.90480042|246|420|47.4502|-122.3088|SEA-ORD
7:10|(ORD) Chicago|AS 34|41.97859955|-87.90480042|246|430|47.4502|-122.3088|SEA-ORD
7:40|(ORD) Chicago|DL 2981|41.97859955|-87.90480042|246|460|47.4502|-122.3088|SEA-ORD
9:56|(ORD) Chicago|AA 2261|41.97859955|-87.90480042|246|596|47.4502|-122.3088|SEA-ORD
10:35|(ORD) Chicago|UA 278|41.97859955|-87.90480042|246|635|47.4502|-122.3088|SEA-ORD
11:15|(ORD) Chicago|DL 2989|41.97859955|-87.90480042|246|675|47.4502|-122.3088|SEA-ORD
14:05|(ORD) Chicago|UA 670|41.97859955|-87.90480042|246|845|47.4502|-122.3088|SEA-ORD
14:36|(ORD) Chicago|AA 2573|41.97859955|-87.90480042|246|876|47.4502|-122.3088|SEA-ORD
16:05|(ORD) Chicago|UA 1792|41.97859955|-87.90480042|246|965|47.4502|-122.3088|SEA-ORD
17:12|(ORD) Chicago|DL 2983|41.97859955|-87.90480042|246|1032|47.4502|-122.3088|SEA-ORD
17:25|(ORD) Chicago|AA 2631|41.97859955|-87.90480042|246|1045|47.4502|-122.3088|SEA-ORD
17:35|(ORD) Chicago|AS 26|41.97859955|-87.90480042|246|1055|47.4502|-122.3088|SEA-ORD
23:15|(ORD) Chicago|UA 619|41.97859955|-87.90480042|246|1395|47.4502|-122.3088|SEA-ORD
23:59|(ORD) Chicago|AA 1624|41.97859955|-87.90480042|246|1439|47.4502|-122.3088|SEA-ORD
7:35|(DTW) Detroit|DL 1542|42.21239853|-83.35340118|276|455|47.4502|-122.3088|SEA-DTW
8:15|(DTW) Detroit|AS 792|42.21239853|-83.35340118|276|495|47.4502|-122.3088|SEA-DTW
9:40|(DTW) Detroit|DL 815|42.21239853|-83.35340118|276|580|47.4502|-122.3088|SEA-DTW
11:40|(DTW) Detroit|DL 1750|42.21239853|-83.35340118|276|700|47.4502|-122.3088|SEA-DTW
14:05|(DTW) Detroit|DL 2424|42.21239853|-83.35340118|276|845|47.4502|-122.3088|SEA-DTW
23:55|(DTW) Detroit|DL 1262|42.21239853|-83.35340118|276|1435|47.4502|-122.3088|SEA-DTW
7:15|(BOS) Boston|AS 12|42.36429977|-71.00520325|310|435|47.4502|-122.3088|SEA-BOS
9:41|(BOS) Boston|DL 2635|42.36429977|-71.00520325|310|581|47.4502|-122.3088|SEA-BOS
11:23|(BOS) Boston|B6 598|42.36429977|-71.00520325|310|683|47.4502|-122.3088|SEA-BOS
15:40|(BOS) Boston|AS 736|42.36429977|-71.00520325|310|940|47.4502|-122.3088|SEA-BOS
21:10|(BOS) Boston|DL 2428|42.36429977|-71.00520325|310|1270|47.4502|-122.3088|SEA-BOS
23:17|(BOS) Boston|AS 24|42.36429977|-71.00520325|310|1397|47.4502|-122.3088|SEA-BOS
23:29|(BOS) Boston|B6 498|42.36429977|-71.00520325|310|1409|47.4502|-122.3088|SEA-BOS
7:30|(MFR) Medford|AS 2419|42.37419891|-122.8730011|62|450|47.4502|-122.3088|SEA-MFR
11:48|(MFR) Medford|AS 2005|42.37419891|-122.8730011|62|708|47.4502|-122.3088|SEA-MFR
17:35|(MFR) Medford|AS 2515|42.37419891|-122.8730011|62|1055|47.4502|-122.3088|SEA-MFR
23:10|(MFR) Medford|AS 2461|42.37419891|-122.8730011|62|1390|47.4502|-122.3088|SEA-MFR
11:57|(MKE) Milwaukee|AS 2762|42.94720078|-87.89659882|242|717|47.4502|-122.3088|SEA-MKE
17:00|(MKE) Milwaukee|DL 4910|42.94720078|-87.89659882|242|1020|47.4502|-122.3088|SEA-MKE
8:00|(SUN) Sun Valley|AS 2432|43.50439835|-114.2959976|91|480|47.4502|-122.3088|SEA-SUN
6:32|(BOI) Boise|AS 2334|43.56439972|-116.2229996|81|392|47.4502|-122.3088|SEA-BOI
7:40|(BOI) Boise|DL 4508|43.56439972|-116.2229996|81|460|47.4502|-122.3088|SEA-BOI
7:50|(BOI) Boise|AS 3302|43.56439972|-116.2229996|81|470|47.4502|-122.3088|SEA-BOI
10:45|(BOI) Boise|AS 3368|43.56439972|-116.2229996|81|645|47.4502|-122.3088|SEA-BOI
11:59|(BOI) Boise|DL 4737|43.56439972|-116.2229996|81|719|47.4502|-122.3088|SEA-BOI
12:35|(BOI) Boise|AS 901|43.56439972|-116.2229996|81|755|47.4502|-122.3088|SEA-BOI
15:15|(BOI) Boise|DL 4581|43.56439972|-116.2229996|81|915|47.4502|-122.3088|SEA-BOI
16:14|(BOI) Boise|AS 3346|43.56439972|-116.2229996|81|974|47.4502|-122.3088|SEA-BOI
17:59|(BOI) Boise|AS 2218|43.56439972|-116.2229996|81|1079|47.4502|-122.3088|SEA-BOI
18:52|(BOI) Boise|DL 4704|43.56439972|-116.2229996|81|1132|47.4502|-122.3088|SEA-BOI
19:40|(BOI) Boise|AS 2580|43.56439972|-116.2229996|81|1180|47.4502|-122.3088|SEA-BOI
20:55|(BOI) Boise|DL 4698|43.56439972|-116.2229996|81|1255|47.4502|-122.3088|SEA-BOI
21:15|(BOI) Boise|AS 3444|43.56439972|-116.2229996|81|1275|47.4502|-122.3088|SEA-BOI
6:30|(YYZ) Toronto|AC 540|43.67720032|-79.63059998|295|390|47.4502|-122.3088|SEA-YYZ
11:00|(YYZ) Toronto|AC 542|43.67720032|-79.63059998|295|660|47.4502|-122.3088|SEA-YYZ
7:35|(EUG) Eugene|AS 2295|44.12459946|-123.211998|42|455|47.4502|-122.3088|SEA-EUG
9:35|(EUG) Eugene|DL 4873|44.12459946|-123.211998|42|575|47.4502|-122.3088|SEA-EUG
12:40|(EUG) Eugene|AS 9724|44.12459946|-123.211998|42|760|47.4502|-122.3088|SEA-EUG
13:40|(EUG) Eugene|AS 2591|44.12459946|-123.211998|42|820|47.4502|-122.3088|SEA-EUG
15:10|(EUG) Eugene|DL 4877|44.12459946|-123.211998|42|910|47.4502|-122.3088|SEA-EUG
17:35|(EUG) Eugene|AS 2299|44.12459946|-123.211998|42|1055|47.4502|-122.3088|SEA-EUG
20:55|(EUG) Eugene|DL 4878|44.12459946|-123.211998|42|1255|47.4502|-122.3088|SEA-EUG
23:10|(EUG) Eugene|AS 2281|44.12459946|-123.211998|42|1390|47.4502|-122.3088|SEA-EUG
7:45|(RDM) Redmond|AS 2389|44.2541008|-121.1500015|25|465|47.4502|-122.3088|SEA-RDM
13:15|(RDM) Redmond|DL 4579|44.2541008|-121.1500015|25|795|47.4502|-122.3088|SEA-RDM
13:35|(RDM) Redmond|AS 2273|44.2541008|-121.1500015|25|815|47.4502|-122.3088|SEA-RDM
17:25|(RDM) Redmond|AS 2179|44.2541008|-121.1500015|25|1045|47.4502|-122.3088|SEA-RDM
20:55|(RDM) Redmond|DL 4575|44.2541008|-121.1500015|25|1255|47.4502|-122.3088|SEA-RDM
21:15|(RDM) Redmond|AS 2297|44.2541008|-121.1500015|25|1275|47.4502|-122.3088|SEA-RDM
23:10|(RDM) Redmond|AS 2303|44.2541008|-121.1500015|25|1390|47.4502|-122.3088|SEA-RDM
0:45|(MSP) Minneapolis|DL 2440|44.88199997|-93.22180176|200|45|47.4502|-122.3088|SEA-MSP
6:46|(MSP) Minneapolis|DL 1768|44.88199997|-93.22180176|200|406|47.4502|-122.3088|SEA-MSP
8:30|(MSP) Minneapolis|DL 1611|44.88199997|-93.22180176|200|510|47.4502|-122.3088|SEA-MSP
10:34|(MSP) Minneapolis|AS 36|44.88199997|-93.22180176|200|634|47.4502|-122.3088|SEA-MSP
11:38|(MSP) Minneapolis|DL 588|44.88199997|-93.22180176|200|698|47.4502|-122.3088|SEA-MSP
13:10|(MSP) Minneapolis|DL 2536|44.88199997|-93.22180176|200|790|47.4502|-122.3088|SEA-MSP
15:37|(MSP) Minneapolis|DL 1770|44.88199997|-93.22180176|200|937|47.4502|-122.3088|SEA-MSP
17:15|(MSP) Minneapolis|DL 2547|44.88199997|-93.22180176|200|1035|47.4502|-122.3088|SEA-MSP
17:30|(MSP) Minneapolis|AS 28|44.88199997|-93.22180176|200|1050|47.4502|-122.3088|SEA-MSP
17:35|(MSP) Minneapolis|SY 286|44.88199997|-93.22180176|200|1055|47.4502|-122.3088|SEA-MSP
5:00|(PDX) Portland|AS 3440|45.58869934|-122.5979996|27|300|47.4502|-122.3088|SEA-PDX
6:25|(PDX) Portland|AS 2077|45.58869934|-122.5979996|27|385|47.4502|-122.3088|SEA-PDX
6:59|(PDX) Portland|AS 3427|45.58869934|-122.5979996|27|419|47.4502|-122.3088|SEA-PDX
7:34|(PDX) Portland|AS 2277|45.58869934|-122.5979996|27|454|47.4502|-122.3088|SEA-PDX
7:50|(PDX) Portland|DL 3522|45.58869934|-122.5979996|27|470|47.4502|-122.3088|SEA-PDX
7:58|(PDX) Portland|GB 1917|45.58869934|-122.5979996|27|478|47.4502|-122.3088|SEA-PDX
8:00|(PDX) Portland|AS 3446|45.58869934|-122.5979996|27|480|47.4502|-122.3088|SEA-PDX
8:30|(PDX) Portland|AS 2339|45.58869934|-122.5979996|27|510|47.4502|-122.3088|SEA-PDX
9:20|(PDX) Portland|AS 2473|45.58869934|-122.5979996|27|560|47.4502|-122.3088|SEA-PDX
10:45|(PDX) Portland|AS 2235|45.58869934|-122.5979996|27|645|47.4502|-122.3088|SEA-PDX
11:30|(PDX) Portland|DL 932|45.58869934|-122.5979996|27|690|47.4502|-122.3088|SEA-PDX
11:40|(PDX) Portland|AS 3448|45.58869934|-122.5979996|27|700|47.4502|-122.3088|SEA-PDX
12:35|(PDX) Portland|AS 3450|45.58869934|-122.5979996|27|755|47.4502|-122.3088|SEA-PDX
12:58|(PDX) Portland|AS 2063|45.58869934|-122.5979996|27|778|47.4502|-122.3088|SEA-PDX
15:19|(PDX) Portland|AS 3417|45.58869934|-122.5979996|27|919|47.4502|-122.3088|SEA-PDX
15:30|(PDX) Portland|AS 2189|45.58869934|-122.5979996|27|930|47.4502|-122.3088|SEA-PDX
15:54|(PDX) Portland|AS 3474|45.58869934|-122.5979996|27|954|47.4502|-122.3088|SEA-PDX
16:36|(PDX) Portland|AS 3454|45.58869934|-122.5979996|27|996|47.4502|-122.3088|SEA-PDX
17:15|(PDX) Portland|DL 4691|45.58869934|-122.5979996|27|1035|47.4502|-122.3088|SEA-PDX
18:30|(PDX) Portland|AS 3423|45.58869934|-122.5979996|27|1110|47.4502|-122.3088|SEA-PDX
18:50|(PDX) Portland|AS 3456|45.58869934|-122.5979996|27|1130|47.4502|-122.3088|SEA-PDX
19:05|(PDX) Portland|AS 2163|45.58869934|-122.5979996|27|1145|47.4502|-122.3088|SEA-PDX
19:15|(PDX) Portland|DL 4643|45.58869934|-122.5979996|27|1155|47.4502|-122.3088|SEA-PDX
19:20|(PDX) Portland|AS 2247|45.58869934|-122.5979996|27|1160|47.4502|-122.3088|SEA-PDX
19:35|(PDX) Portland|AS 2627|45.58869934|-122.5979996|27|1175|47.4502|-122.3088|SEA-PDX
20:08|(PDX) Portland|AS 2061|45.58869934|-122.5979996|27|1208|47.4502|-122.3088|SEA-PDX
21:01|(PDX) Portland|AS 3460|45.58869934|-122.5979996|27|1261|47.4502|-122.3088|SEA-PDX
22:05|(PDX) Portland|AS 2751|45.58869934|-122.5979996|27|1325|47.4502|-122.3088|SEA-PDX
22:50|(PDX) Portland|DL 4669|45.58869934|-122.5979996|27|1370|47.4502|-122.3088|SEA-PDX
23:10|(PDX) Portland|AS 414|45.58869934|-122.5979996|27|1390|47.4502|-122.3088|SEA-PDX
9:55|(BZN) Belgrade|AS 2132|45.77750015|-111.1529999|678|595|47.4502|-122.3088|SEA-BZN
16:00|(BZN) Belgrade|AS 2488|45.77750015|-111.1529999|678|960|47.4502|-122.3088|SEA-BZN
21:30|(BZN) Belgrade|AS 2462|45.77750015|-111.1529999|678|1290|47.4502|-122.3088|SEA-BZN
11:40|(BIL) Billings|AS 2400|45.80770111|-108.5429993|100|700|47.4502|-122.3088|SEA-BIL
21:35|(BIL) Billings|AS 2302|45.80770111|-108.5429993|100|1295|47.4502|-122.3088|SEA-BIL
10:10|(ALW) Walla Walla|AS 2198|46.09489822|-118.288002|54|610|47.4502|-122.3088|SEA-ALW
17:40|(ALW) Walla Walla|AS 2054|46.09489822|-118.288002|54|1060|47.4502|-122.3088|SEA-ALW
21:42|(ALW) Walla Walla|AS 2186|46.09489822|-118.288002|54|1302|47.4502|-122.3088|SEA-ALW
7:30|(PSC) Pasco|AS 2206|46.26470184|-119.1190033|36|450|47.4502|-122.3088|SEA-PSC
9:40|(PSC) Pasco|AS 2212|46.26470184|-119.1190033|36|580|47.4502|-122.3088|SEA-PSC
11:25|(PSC) Pasco|DL 4642|46.26470184|-119.1190033|36|685|47.4502|-122.3088|SEA-PSC
12:20|(PSC) Pasco|AS 2180|46.26470184|-119.1190033|36|740|47.4502|-122.3088|SEA-PSC
15:25|(PSC) Pasco|AS 2178|46.26470184|-119.1190033|36|925|47.4502|-122.3088|SEA-PSC
17:25|(PSC) Pasco|DL 5681|46.26470184|-119.1190033|36|1045|47.4502|-122.3088|SEA-PSC
18:02|(PSC) Pasco|AS 2360|46.26470184|-119.1190033|36|1082|47.4502|-122.3088|SEA-PSC
22:45|(PSC) Pasco|DL 3521|46.26470184|-119.1190033|36|1365|47.4502|-122.3088|SEA-PSC
23:29|(PSC) Pasco|AS 2112|46.26470184|-119.1190033|36|1409|47.4502|-122.3088|SEA-PSC
9:40|(LWS) Lewiston|AS 2030|46.37450028|-117.0149994|46|580|47.4502|-122.3088|SEA-LWS
15:45|(LWS) Lewiston|AS 2032|46.37450028|-117.0149994|46|945|47.4502|-122.3088|SEA-LWS
10:30|(YKM) Yakima|AS 2202|46.56819916|-120.5439987|28|630|47.4502|-122.3088|SEA-YKM
14:07|(YKM) Yakima|AS 2002|46.56819916|-120.5439987|28|847|47.4502|-122.3088|SEA-YKM
17:59|(YKM) Yakima|AS 2006|46.56819916|-120.5439987|28|1079|47.4502|-122.3088|SEA-YKM
23:20|(YKM) Yakima|AS 2010|46.56819916|-120.5439987|28|1400|47.4502|-122.3088|SEA-YKM
12:35|(HLN) Helena|AS 2316|46.60680008|-111.9830017|80|755|47.4502|-122.3088|SEA-HLN
9:52|(PUW) Pullman|AS 2258|46.7439|-117.110001|44|592|47.4502|-122.3088|SEA-PUW
17:25|(PUW) Pullman|AS 2184|46.7439|-117.110001|44|1045|47.4502|-122.3088|SEA-PUW
23:24|(PUW) Pullman|AS 2158|46.7439|-117.110001|44|1404|47.4502|-122.3088|SEA-PUW
7:35|(MSO) Missoula|AS 2348|46.91630173|-114.0910034|69|455|47.4502|-122.3088|SEA-MSO
12:53|(MSO) Missoula|AS 2392|46.91630173|-114.0910034|69|773|47.4502|-122.3088|SEA-MSO
15:25|(MSO) Missoula|AS 2394|46.91630173|-114.0910034|69|925|47.4502|-122.3088|SEA-MSO
21:20|(MSO) Missoula|AS 2340|46.91630173|-114.0910034|69|1280|47.4502|-122.3088|SEA-MSO
11:45|(EAT) Wenatchee|AS 2268|47.39889908|-120.2070007|27|705|47.4502|-122.3088|SEA-EAT
17:25|(EAT) Wenatchee|AS 2128|47.39889908|-120.2070007|27|1045|47.4502|-122.3088|SEA-EAT
23:16|(EAT) Wenatchee|AS 2232|47.39889908|-120.2070007|27|1396|47.4502|-122.3088|SEA-EAT
9:39|(GTF) Great Falls|AS 2326|47.48199844|-111.3710022|84|579|47.4502|-122.3088|SEA-GTF
7:25|(GEG) Spokane|AS 2376|47.61989975|-117.5339966|46|445|47.4502|-122.3088|SEA-GEG
7:40|(GEG) Spokane|DL 4967|47.61989975|-117.5339966|46|460|47.4502|-122.3088|SEA-GEG
8:45|(GEG) Spokane|AMF 1420|47.61989975|-117.5339966|46|525|47.4502|-122.3088|SEA-GEG
8:55|(GEG) Spokane|AS 2378|47.61989975|-117.5339966|46|535|47.4502|-122.3088|SEA-GEG
9:32|(GEG) Spokane|AS 3330|47.61989975|-117.5339966|46|572|47.4502|-122.3088|SEA-GEG
9:35|(GEG) Spokane|DL 4800|47.61989975|-117.5339966|46|575|47.4502|-122.3088|SEA-GEG
10:25|(GEG) Spokane|AS 3332|47.61989975|-117.5339966|46|625|47.4502|-122.3088|SEA-GEG
11:20|(GEG) Spokane|DL 4442|47.61989975|-117.5339966|46|680|47.4502|-122.3088|SEA-GEG
11:55|(GEG) Spokane|AS 990|47.61989975|-117.5339966|46|715|47.4502|-122.3088|SEA-GEG
13:04|(GEG) Spokane|AS 3334|47.61989975|-117.5339966|46|784|47.4502|-122.3088|SEA-GEG
13:15|(GEG) Spokane|DL 4609|47.61989975|-117.5339966|46|795|47.4502|-122.3088|SEA-GEG
13:57|(GEG) Spokane|AS 3350|47.61989975|-117.5339966|46|837|47.4502|-122.3088|SEA-GEG
15:20|(GEG) Spokane|DL 5851|47.61989975|-117.5339966|46|920|47.4502|-122.3088|SEA-GEG
15:35|(GEG) Spokane|AS 344|47.61989975|-117.5339966|46|935|47.4502|-122.3088|SEA-GEG
17:00|(GEG) Spokane|DL 4740|47.61989975|-117.5339966|46|1020|47.4502|-122.3088|SEA-GEG
17:29|(GEG) Spokane|AS 3352|47.61989975|-117.5339966|46|1049|47.4502|-122.3088|SEA-GEG
18:54|(GEG) Spokane|DL 3539|47.61989975|-117.5339966|46|1134|47.4502|-122.3088|SEA-GEG
19:20|(GEG) Spokane|AS 2172|47.61989975|-117.5339966|46|1160|47.4502|-122.3088|SEA-GEG
20:08|(GEG) Spokane|AS 2270|47.61989975|-117.5339966|46|1208|47.4502|-122.3088|SEA-GEG
21:35|(GEG) Spokane|AS 694|47.61989975|-117.5339966|46|1295|47.4502|-122.3088|SEA-GEG
22:45|(GEG) Spokane|DL 4522|47.61989975|-117.5339966|46|1365|47.4502|-122.3088|SEA-GEG
23:20|(GEG) Spokane|AS 698|47.61989975|-117.5339966|46|1400|47.4502|-122.3088|SEA-GEG
7:25|(CLM) Port Angeles|EM 657|48.12020111|-123.5|32|445|47.4502|-122.3088|SEA-CLM
9:50|(FCA) Kalispell|AS 2156|48.3105011|-114.2559967|67|590|47.4502|-122.3088|SEA-FCA
13:44|(FCA) Kalispell|AS 2168|48.3105011|-114.2559967|67|824|47.4502|-122.3088|SEA-FCA
21:39|(FCA) Kalispell|AS 2282|48.3105011|-114.2559967|67|1299|47.4502|-122.3088|SEA-FCA
11:20|(YYJ) Victoria|DL 4622|48.64690018|-123.4260025|27|680|47.4502|-122.3088|SEA-YYJ
11:40|(YYJ) Victoria|AS 2382|48.64690018|-123.4260025|27|700|47.4502|-122.3088|SEA-YYJ
13:55|(YYJ) Victoria|AS 2386|48.64690018|-123.4260025|27|835|47.4502|-122.3088|SEA-YYJ
15:08|(YYJ) Victoria|DL 4788|48.64690018|-123.4260025|27|908|47.4502|-122.3088|SEA-YYJ
21:20|(YYJ) Victoria|AS 2338|48.64690018|-123.4260025|27|1280|47.4502|-122.3088|SEA-YYJ
22:45|(YYJ) Victoria|DL 4731|48.64690018|-123.4260025|27|1365|47.4502|-122.3088|SEA-YYJ
23:15|(YYJ) Victoria|AS 2380|48.64690018|-123.4260025|27|1395|47.4502|-122.3088|SEA-YYJ
7:30|(ESD) Eastsound|EM 695|48.70819855|-122.9100037|35|450|47.4502|-122.3088|SEA-ESD
7:15|(BLI) Bellingham|EM 699|48.7928009|-122.538002|35|435|47.4502|-122.3088|SEA-BLI
8:17|(BLI) Bellingham|AS 2486|48.7928009|-122.538002|35|497|47.4502|-122.3088|SEA-BLI
14:21|(BLI) Bellingham|AS 2482|48.7928009|-122.538002|35|861|47.4502|-122.3088|SEA-BLI
18:17|(BLI) Bellingham|AS 2490|48.7928009|-122.538002|35|1097|47.4502|-122.3088|SEA-BLI
21:15|(BLI) Bellingham|AS 2494|48.7928009|-122.538002|35|1275|47.4502|-122.3088|SEA-BLI
23:18|(BLI) Bellingham|AS 2496|48.7928009|-122.538002|35|1398|47.4502|-122.3088|SEA-BLI
13:11|(CDG) Paris|DL 34|49.01279831|2.549999952|601|791|47.4502|-122.3088|SEA-CDG
7:47|(YVR) Vancouver|DL 4484|49.19390106|-123.1839981|26|467|47.4502|-122.3088|SEA-YVR
8:07|(YVR) Vancouver|AS 2266|49.19390106|-123.1839981|26|487|47.4502|-122.3088|SEA-YVR
8:31|(YVR) Vancouver|GB 904|49.19390106|-123.1839981|26|511|47.4502|-122.3088|SEA-YVR
9:05|(YVR) Vancouver|AC 8090|49.19390106|-123.1839981|26|545|47.4502|-122.3088|SEA-YVR
9:30|(YVR) Vancouver|AS 701|49.19390106|-123.1839981|26|570|47.4502|-122.3088|SEA-YVR
11:22|(YVR) Vancouver|DL 4497|49.19390106|-123.1839981|26|682|47.4502|-122.3088|SEA-YVR
12:27|(YVR) Vancouver|AS 2242|49.19390106|-123.1839981|26|747|47.4502|-122.3088|SEA-YVR
13:37|(YVR) Vancouver|DL 4523|49.19390106|-123.1839981|26|817|47.4502|-122.3088|SEA-YVR
14:20|(YVR) Vancouver|AC 8094|49.19390106|-123.1839981|26|860|47.4502|-122.3088|SEA-YVR
17:08|(YVR) Vancouver|DL 4711|49.19390106|-123.1839981|26|1028|47.4502|-122.3088|SEA-YVR
17:47|(YVR) Vancouver|AS 2314|49.19390106|-123.1839981|26|1067|47.4502|-122.3088|SEA-YVR
19:05|(YVR) Vancouver|AC 8098|49.19390106|-123.1839981|26|1145|47.4502|-122.3088|SEA-YVR
21:25|(YVR) Vancouver|AC 8084|49.19390106|-123.1839981|26|1285|47.4502|-122.3088|SEA-YVR
22:41|(YVR) Vancouver|DL 3527|49.19390106|-123.1839981|26|1361|47.4502|-122.3088|SEA-YVR
23:10|(YVR) Vancouver|AS 963|49.19390106|-123.1839981|26|1390|47.4502|-122.3088|SEA-YVR
9:45|(YLW) Kelowna|AS 2144|49.95610046|-119.3779984|46|585|47.4502|-122.3088|SEA-YLW
21:25|(YLW) Kelowna|AS 2408|49.95610046|-119.3779984|46|1285|47.4502|-122.3088|SEA-YLW
14:00|(FRA) Frankfurt|LH 491|50.0333333|8.5705556|703|840|47.4502|-122.3088|SEA-FRA
18:15|(FRA) Frankfurt|DE 2029|50.0333333|8.5705556|703|1095|47.4502|-122.3088|SEA-FRA
9:45|(YYC) Calgary|DL 5762|51.11389923|-114.0199966|80|585|47.4502|-122.3088|SEA-YYC
9:59|(YYC) Calgary|AS 2716|51.11389923|-114.0199966|80|599|47.4502|-122.3088|SEA-YYC
10:05|(YYC) Calgary|AC 8302|51.11389923|-114.0199966|80|605|47.4502|-122.3088|SEA-YYC
15:08|(YYC) Calgary|DL 5752|51.11389923|-114.0199966|80|908|47.4502|-122.3088|SEA-YYC
15:35|(YYC) Calgary|AS 2220|51.11389923|-114.0199966|80|935|47.4502|-122.3088|SEA-YYC
20:55|(YYC) Calgary|DL 5770|51.11389923|-114.0199966|80|1255|47.4502|-122.3088|SEA-YYC
21:30|(YYC) Calgary|AS 2718|51.11389923|-114.0199966|80|1290|47.4502|-122.3088|SEA-YYC
13:30|(LHR) London|BA 52|51.4706|-0.461941|661|810|47.4502|-122.3088|SEA-LHR
17:40|(LHR) London|VS 106|51.4706|-0.461941|661|1060|47.4502|-122.3088|SEA-LHR
19:15|(LHR) London|BA 48|51.4706|-0.461941|661|1155|47.4502|-122.3088|SEA-LHR
13:51|(AMS) Amsterdam|DL 142|52.30860138|4.76388979|585|831|47.4502|-122.3088|SEA-AMS
18:04|(AMS) Amsterdam|DL 144|52.30860138|4.76388979|585|1084|47.4502|-122.3088|SEA-AMS
9:45|(YEG) Edmonton|AS 2542|53.30970001|-113.5800018|92|585|47.4502|-122.3088|SEA-YEG
9:50|(YEG) Edmonton|DL 4822|53.30970001|-113.5800018|92|590|47.4502|-122.3088|SEA-YEG
13:38|(YEG) Edmonton|AS 2584|53.30970001|-113.5800018|92|818|47.4502|-122.3088|SEA-YEG
20:45|(YEG) Edmonton|DL 4700|53.30970001|-113.5800018|92|1245|47.4502|-122.3088|SEA-YEG
21:25|(YEG) Edmonton|AS 2568|53.30970001|-113.5800018|92|1285|47.4502|-122.3088|SEA-YEG
7:50|(KTN) Ketchikan|AS 65|55.35559845|-131.7140045|111|470|47.4502|-122.3088|SEA-KTN
13:00|(KTN) Ketchikan|AS 7039|55.35559845|-131.7140045|111|780|47.4502|-122.3088|SEA-KTN
13:50|(KTN) Ketchikan|AS 77|55.35559845|-131.7140045|111|830|47.4502|-122.3088|SEA-KTN
14:47|(KTN) Ketchikan|AS 7003|55.35559845|-131.7140045|111|887|47.4502|-122.3088|SEA-KTN
15:30|(KTN) Ketchikan|AS 67|55.35559845|-131.7140045|111|930|47.4502|-122.3088|SEA-KTN
19:10|(KTN) Ketchikan|AS 69|55.35559845|-131.7140045|111|1150|47.4502|-122.3088|SEA-KTN
7:50|(JNU) Juneau|AS 61|58.35499954|-134.576004|149|470|47.4502|-122.3088|SEA-JNU
8:30|(JNU) Juneau|AS 7001|58.35499954|-134.576004|149|510|47.4502|-122.3088|SEA-JNU
10:40|(JNU) Juneau|AS 75|58.35499954|-134.576004|149|640|47.4502|-122.3088|SEA-JNU
19:50|(JNU) Juneau|AS 79|58.35499954|-134.576004|149|1190|47.4502|-122.3088|SEA-JNU
6:05|(ANC) Anchorage|AS 81|61.17440033|-149.9960022|189|365|47.4502|-122.3088|SEA-ANC
10:25|(ANC) Anchorage|AS 95|61.17440033|-149.9960022|189|625|47.4502|-122.3088|SEA-ANC
11:30|(ANC) Anchorage|AS 91|61.17440033|-149.9960022|189|690|47.4502|-122.3088|SEA-ANC
11:42|(ANC) Anchorage|DL 2855|61.17440033|-149.9960022|189|702|47.4502|-122.3088|SEA-ANC
13:40|(ANC) Anchorage|AS 101|61.17440033|-149.9960022|189|820|47.4502|-122.3088|SEA-ANC
14:55|(ANC) Anchorage|AS 97|61.17440033|-149.9960022|189|895|47.4502|-122.3088|SEA-ANC
15:15|(ANC) Anchorage|DL 1328|61.17440033|-149.9960022|189|915|47.4502|-122.3088|SEA-ANC
15:50|(ANC) Anchorage|AS 107|61.17440033|-149.9960022|189|950|47.4502|-122.3088|SEA-ANC
16:55|(ANC) Anchorage|AS 99|61.17440033|-149.9960022|189|1015|47.4502|-122.3088|SEA-ANC
17:30|(ANC) Anchorage|DL 2866|61.17440033|-149.9960022|189|1050|47.4502|-122.3088|SEA-ANC
17:45|(ANC) Anchorage|AS 89|61.17440033|-149.9960022|189|1065|47.4502|-122.3088|SEA-ANC
19:35|(ANC) Anchorage|AS 109|61.17440033|-149.9960022|189|1175|47.4502|-122.3088|SEA-ANC
20:15|(ANC) Anchorage|AS 177|61.17440033|-149.9960022|189|1215|47.4502|-122.3088|SEA-ANC
20:55|(ANC) Anchorage|DL 1903|61.17440033|-149.9960022|189|1255|47.4502|-122.3088|SEA-ANC
21:30|(ANC) Anchorage|AS 735|61.17440033|-149.9960022|189|1290|47.4502|-122.3088|SEA-ANC
22:00|(ANC) Anchorage|AS 105|61.17440033|-149.9960022|189|1320|47.4502|-122.3088|SEA-ANC
23:15|(ANC) Anchorage|AS 119|61.17440033|-149.9960022|189|1395|47.4502|-122.3088|SEA-ANC
23:55|(ANC) Anchorage|AS 121|61.17440033|-149.9960022|189|1435|47.4502|-122.3088|SEA-ANC
16:30|(KEF) Reykjavik|FI 680|63.98500061|-22.60560036|499|990|47.4502|-122.3088|SEA-KEF
11:50|(FAI) Fairbanks|AS 125|64.81510162|-147.8560028|219|710|47.4502|-122.3088|SEA-FAI
13:55|(FAI) Fairbanks|AS 123|64.81510162|-147.8560028|219|835|47.4502|-122.3088|SEA-FAI
19:35|(FAI) Fairbanks|AS 117|64.81510162|-147.8560028|219|1175|47.4502|-122.3088|SEA-FAI
21:10|(FAI) Fairbanks|AS 133|64.81510162|-147.8560028|219|1270|47.4502|-122.3088|SEA-FAI
21:15|(FAI) Fairbanks|DL 2713|64.81510162|-147.8560028|219|1275|47.4502|-122.3088|SEA-FAI
23:40|(FAI) Fairbanks|AS 103|64.81510162|-147.8560028|219|1420|47.4502|-122.3088|SEA-FAI
